sampleid,ASV_seq,sample_name,dna_con,Type,Slope,Location
BS5562_002,CCAAATGATGAC,S_5CC,3.27,Biocrust,Center,5
BS5562_003,GCAGGTAACATT,S_1WM,3.83,Moss,West,1
BS5562_004,GCACGTTCTACG,S_6WM,2,Moss,West,6
BS5562_005,GACTGGAGATGG,S_2WB,9.52,Bare,West,2
BS5562_006,ACTAAGTACCCG,S_6WC,8.76,Biocrust,West,6
BS5562_007,TAAGTGAGTACC,S_2CM,10,Moss,Center,2
BS5562_008,ATCGACAACACC,S_2CC,21.6,Biocrust,Center,2
BS5562_009,AGCACACTACAC,S_2CB,0.54,Bare,Center,2
BS5562_010,GAATGTTGCGCT,S_1CC,2.84,Biocrust,Center,1
BS5562_011,CGCGCAAGTATT,S_1CM,1.83,Moss,Center,1
BS5562_013,GTTCAACAGCTG,S_3EC,16.4,Biocrust,East,3
BS5562_014,TCAGCAAATGGT,S_4EM,18.2,Moss,East,4
BS5562_015,AGGGACTTCAAT,S_4EB,2.69,Bare,East,4
BS5562_016,GAAGTGTATCTG,S_1CB,2.77,Bare,Center,1
BS5562_017,TCCTGTGCGAGT,S_1EC,1.26,Biocrust,East,1
BS5562_018,CCAACGTAACCA,S_5EM,6.6,Moss,East,5
BS5562_019,AAGGTGGACAAG,S_5EB,0.796,Bare,East,5
BS5562_020,CAATTGCGTGCA,S_5EC,17.7,Biocrust,East,5
BS5562_021,ACCAGCTCAGAT,S_4EC,5.56,Biocrust,East,4
BS5562_022,ACGGTACCCTAC,S_3EM,19.9,Moss,East,3
BS5562_023,TCATAGGGTAGT,S_6EB,1.11,Bare,East,6
BS5562_025,CGTATCTCAGGA,S_3EB,4.44,Bare,East,3
BS5562_026,TAGTTCGGTGAC,S_2EM,12.2,Moss,East,2
BS5562_027,CCATGGCTGTGT,S_2EB,1.49,Bare,East,2
BS5562_028,CTAGTCGCTGGT,S_2EC,19.1,Biocrust,East,2
BS5562_029,TCCAAGCGTCAC,S_1EM,2.72,Moss,East,1
BS5562_031,AACTTGGCCGTA,S_6EM,14.3,Moss,East,6
BS5562_032,CATACGATACAG,S_4CM,7.2,Moss,Center,4
BS5562_033,GGTTGAGAAGAG,S_3CM,8.16,Moss,Center,3
BS5562_034,CTGGGAGTTGTT,S_3CC,8.84,Biocrust,Center,3
BS5562_035,ATCATCTCGGCG,S_6CB,0.848,Bare,Center,6
BS5562_036,ATTACCCACAGG,S_4CC,9.96,Biocrust,Center,4
BS5562_037,CACATCAGCGCT,S_5CB,1.33,Bare,Center,5
BS5562_038,TGACCATAGTGA,S_6CC,3.46,Biocrust,Center,6
BS5562_039,GATAAGCGCCTT,S_5CM,4.56,Moss,Center,5
BS5562_040,TAGTCTAAGGGT,S_3CB,1.35,Bare,Center,3
BS5562_041,AATTAGGCGTGT,S_4CB,1.54,Bare,Center,4
BS5562_043,TCCACTAGAGCA,S_5WM,5.4,Moss,West,5
BS5562_044,CATTGCAAAGCA,S_6EC,14.2,Biocrust,East,6
BS5562_045,GACGGCTATGTT,S_6WB,7.04,Bare,West,6
BS5562_046,TCTCTTTCGACA,S_5WC,11.1,Biocrust,West,5
BS5562_047,GATTAGGTTCCG,S_1WB,4.08,Bare,West,1
BS5562_048,CTACTCCACGAG,S_2WC,10.1,Biocrust,West,2
BS5562_049,GGTGCAGACAGA,S_3WB,11.1,Bare,West,3
BS5562_050,CCGTACCGTATG,S_3WM,21.6,Moss,West,3
BS5562_051,ATGTCCGACCAA,S_1WC,13,Biocrust,West,1
BS5562_052,AGATGGGACTGG,S_1EB,1.54,Bare,East,1
BS5562_053,GTGCCCACTTGA,S_4WB,7.32,Bare,West,4
BS5562_055,GTCTACCACGCA,S_5WB,4.36,Bare,West,5
BS5562_056,TCGCGTCCAGTA,S_4WM,20,Moss,West,4
BS5562_057,GCCTGATTAAGC,S_4WC,3.78,Biocrust,West,4
BS5562_058,ACGTATTCGAAG,S_3WC,8.6,Biocrust,West,3
BS5562_059,CGGCTACTATGC,S_6CM,2.87,Moss,Center,6
